{"cameraMode":{"drawMode":0,"name":"Shaded","section":"Shading Mode"},"sceneLighting":false,"audioPlay":false,"sceneViewState":{"showFog":true,"showMaterialUpdate":false,"showSkybox":false,"showFlares":true,"showImageEffects":true,"showParticleSystems":true},"in2DMode":false,"pivot":{"x":0.037189945578575137,"y":0.054823994636535647,"z":0.24025210738182069},"rotation":{"x":0.6185529232025147,"y":1.6318006501592209e-8,"z":1.0230665026256247e-7,"w":0.7857453227043152},"size":1.1491931676864625,"orthographic":false}